{
    "loss": 0.19362373650074005,
    "accuracy": 0.9396551847457886
}